case_id,scale,distribution,seed,realized_seed,transformed_nodes,transformed_arcs,snapshot_sha256,bpc_status,bpc_objective,bpc_bound,bpc_gap,bpc_runtime,bpc_nodes,bpc_first_incumbent,bpc_root_warm_start_status,bpc_root_warm_start_columns,bpc_root_warm_start_validated,bpc_pricing_calls,bpc_routes,bpc_labels,bpc_sr_cuts,bpc_branches,compact_status,compact_objective,compact_bound,compact_gap,compact_runtime,compact_nodes,compact_first_incumbent,bpc_incumbent_valid,compact_incumbent_valid,bpc_gurobi_version,compact_gurobi_version,detail_report_json,detail_report_markdown
small_PS_seed1,small,PS,1,1,11,31,f33991c5bc8c37554f83c6e9558001acb7c8eda0d04fa47a2fae3f0efcf07488,optimal,0.263195971607575,0.263195971607575,0.0,4.2571022510528564,1,0.14191842079162598,success,2,True,3,11,188,0,0,success,0.2631959716075897,0.26319597160758973,0.0,0.22719693183898926,137.0,0.013000011444091797,True,True,12.0.1,12.0.1,D:\GitHub\Equitable-Truck-Drone-Routing\numerical_experiments\small_medium_dense16_bpc_compact_1800s_campaign\small_PS_seed1_solution_process_report.json,D:\GitHub\Equitable-Truck-Drone-Routing\numerical_experiments\small_medium_dense16_bpc_compact_1800s_campaign\small_PS_seed1_solution_process_report.md
small_PS_seed2,small,PS,2,2,11,23,4959aa4b98aead252c4f9d5bba2770aa05b733ffe7c80b264c1a1c093e568281,optimal,0.2927049793966303,0.2927049793966303,0.0,4.911108016967773,1,0.1045074462890625,success,2,True,3,11,118,0,0,success,0.292704979396635,0.2927049793966349,0.0,0.1324007511138916,33.0,0.009000062942504883,True,True,12.0.1,12.0.1,D:\GitHub\Equitable-Truck-Drone-Routing\numerical_experiments\small_medium_dense16_bpc_compact_1800s_campaign\small_PS_seed2_solution_process_report.json,D:\GitHub\Equitable-Truck-Drone-Routing\numerical_experiments\small_medium_dense16_bpc_compact_1800s_campaign\small_PS_seed2_solution_process_report.md
small_PS_seed3,small,PS,3,3,11,23,7a58b67e3e5e8f577787fa92f2103484d192b6dccd4579a88e0cb536ea7bb603,optimal,0.25836826845079364,0.25836826845079364,0.0,4.47203516960144,1,0.10349631309509277,success,2,True,2,7,75,0,0,success,0.25836826845079885,0.2583682684507988,0.0,0.0538334846496582,1.0,0.012000083923339844,True,True,12.0.1,12.0.1,D:\GitHub\Equitable-Truck-Drone-Routing\numerical_experiments\small_medium_dense16_bpc_compact_1800s_campaign\small_PS_seed3_solution_process_report.json,D:\GitHub\Equitable-Truck-Drone-Routing\numerical_experiments\small_medium_dense16_bpc_compact_1800s_campaign\small_PS_seed3_solution_process_report.md
small_PS_seed4,small,PS,4,4,11,23,9e428dcfceeb20131b4088596f84a77ebe9ad74f2d0cf1f1b10ce1ff720fcf45,optimal,0.2718881699732445,0.2718881699732445,0.0,4.424454927444458,1,0.1021413803100586,success,2,True,3,10,124,0,0,success,0.27188816997324844,0.2718881699732485,0.0,0.11576700210571289,35.0,0.01100015640258789,True,True,12.0.1,12.0.1,D:\GitHub\Equitable-Truck-Drone-Routing\numerical_experiments\small_medium_dense16_bpc_compact_1800s_campaign\small_PS_seed4_solution_process_report.json,D:\GitHub\Equitable-Truck-Drone-Routing\numerical_experiments\small_medium_dense16_bpc_compact_1800s_campaign\small_PS_seed4_solution_process_report.md
small_PC_seed5,small,PC,5,5,11,31,6a949ccc659e27f2f2fcc3d252d40d3b45219c9c4e14d0b4edcd51e7cd926c04,optimal,0.0067675651612496834,0.0067675651612496834,0.0,4.691836595535278,1,0.07490253448486328,success,1,True,4,11,396,0,0,success,0.0067675651612484344,0.006767565161247269,0.0,0.04652047157287598,1.0,0.013000011444091797,True,True,12.0.1,12.0.1,D:\GitHub\Equitable-Truck-Drone-Routing\numerical_experiments\small_medium_dense16_bpc_compact_1800s_campaign\small_PC_seed5_solution_process_report.json,D:\GitHub\Equitable-Truck-Drone-Routing\numerical_experiments\small_medium_dense16_bpc_compact_1800s_campaign\small_PC_seed5_solution_process_report.md
small_PC_seed6,small,PC,6,2000012,11,33,bdbe21489473ed4ad5769ca1f23b32333487fd11ecceb9ae1e718464e3704e03,optimal,0.18714183322315073,0.18714183322315073,0.0,4.339584827423096,1,0.08946943283081055,success,2,True,6,38,438,3,0,success,0.1871418332231509,0.1871412651425545,3.0355617801372363e-06,0.08910703659057617,1.0,0.015999794006347656,True,True,12.0.1,12.0.1,D:\GitHub\Equitable-Truck-Drone-Routing\numerical_experiments\small_medium_dense16_bpc_compact_1800s_campaign\small_PC_seed6_solution_process_report.json,D:\GitHub\Equitable-Truck-Drone-Routing\numerical_experiments\small_medium_dense16_bpc_compact_1800s_campaign\small_PC_seed6_solution_process_report.md
small_PC_seed7,small,PC,7,7,11,35,168f0015559891e5119422923b75f2b750018b95910aa7908525d264127fdbe5,optimal,0.004960280636406855,0.004960280636406855,0.0,4.6005332469940186,1,0.07374405860900879,success,1,True,3,27,472,0,0,success,0.004960280636409853,0.004960280636409881,0.0,0.1074516773223877,1.0,0.015999794006347656,True,True,12.0.1,12.0.1,D:\GitHub\Equitable-Truck-Drone-Routing\numerical_experiments\small_medium_dense16_bpc_compact_1800s_campaign\small_PC_seed7_solution_process_report.json,D:\GitHub\Equitable-Truck-Drone-Routing\numerical_experiments\small_medium_dense16_bpc_compact_1800s_campaign\small_PC_seed7_solution_process_report.md
small_PC_seed8,small,PC,8,8,11,30,f924d268739eb9ce0628bd4f32103674eddf33bece8f5954204b62d95e6f6bcc,optimal,0.22246049811954266,0.22246049811954266,0.0,5.965398073196411,1,0.0785074234008789,success,2,True,4,21,269,0,0,success,0.22246049811954136,0.2224604981195413,0.0,0.24527311325073242,50.0,0.04799985885620117,True,True,12.0.1,12.0.1,D:\GitHub\Equitable-Truck-Drone-Routing\numerical_experiments\small_medium_dense16_bpc_compact_1800s_campaign\small_PC_seed8_solution_process_report.json,D:\GitHub\Equitable-Truck-Drone-Routing\numerical_experiments\small_medium_dense16_bpc_compact_1800s_campaign\small_PC_seed8_solution_process_report.md
medium_PS_seed1,medium,PS,1,1,35,168,86b50062b21084b7ae0ce1be71109af8b30d6215bd8063333ce8e1f77c375f7b,optimal,0.18622580647010026,0.18622580647010026,0.0,75.39743137359619,1,60.16147208213806,success,4,True,8,345,13739,0,0,success,0.18622580647009765,0.1862258064700977,0.0,63.30167365074158,23495.0,1.3980000019073486,True,True,12.0.1,12.0.1,D:\GitHub\Equitable-Truck-Drone-Routing\numerical_experiments\small_medium_dense16_bpc_compact_1800s_campaign\medium_PS_seed1_solution_process_report.json,D:\GitHub\Equitable-Truck-Drone-Routing\numerical_experiments\small_medium_dense16_bpc_compact_1800s_campaign\medium_PS_seed1_solution_process_report.md
medium_PS_seed2,medium,PS,2,2,35,208,92974c600c7ecb34827bbb2d172d04ab703dc5685d41ec34689e2366748edffc,optimal,0.16695675049344685,0.16695675049344685,0.0,85.32576751708984,1,60.159483194351196,success,4,True,11,499,52649,0,0,time_limit_with_incumbent,0.16695675049344788,0.10854232382496952,0.34987759701738325,1800.2789189815521,148340.0,9.65499997138977,True,True,12.0.1,12.0.1,D:\GitHub\Equitable-Truck-Drone-Routing\numerical_experiments\small_medium_dense16_bpc_compact_1800s_campaign\medium_PS_seed2_solution_process_report.json,D:\GitHub\Equitable-Truck-Drone-Routing\numerical_experiments\small_medium_dense16_bpc_compact_1800s_campaign\medium_PS_seed2_solution_process_report.md
medium_PS_seed3,medium,PS,3,3,35,211,b0c64a76399a18ddee847b7988d4cc486726e225864ddc3886aca44733552ea8,optimal,0.18719924383748385,0.18719924383748385,0.0,58.85157871246338,1,41.74527597427368,success,4,True,10,350,14384,7,0,success,0.1871992438374813,0.18719924383748135,0.0,27.515923738479614,39124.0,4.855999946594238,True,True,12.0.1,12.0.1,D:\GitHub\Equitable-Truck-Drone-Routing\numerical_experiments\small_medium_dense16_bpc_compact_1800s_campaign\medium_PS_seed3_solution_process_report.json,D:\GitHub\Equitable-Truck-Drone-Routing\numerical_experiments\small_medium_dense16_bpc_compact_1800s_campaign\medium_PS_seed3_solution_process_report.md
medium_PS_seed4,medium,PS,4,4,35,216,cbabf6cafe5e414c176c261a5666f5a9c3870b2c10c4b9cd0d20a68582063e81,optimal,0.1860002876752752,0.1860002876752752,0.0,72.90974688529968,1,60.13153100013733,success,4,True,6,301,19355,0,0,time_limit_with_incumbent,0.18673016392812686,0.031223207129665725,0.8327896978568302,1800.2846839427948,557907.0,15.85700011253357,True,True,12.0.1,12.0.1,D:\GitHub\Equitable-Truck-Drone-Routing\numerical_experiments\small_medium_dense16_bpc_compact_1800s_campaign\medium_PS_seed4_solution_process_report.json,D:\GitHub\Equitable-Truck-Drone-Routing\numerical_experiments\small_medium_dense16_bpc_compact_1800s_campaign\medium_PS_seed4_solution_process_report.md
medium_PC_seed5,medium,PC,5,1000008,35,213,2669b56ab8619427d14711307aa7669d92a591d5149b1cc0b803ec659a8f7d49,optimal,0.12307615214868403,0.12307615214868403,0.0,92.00721597671509,1,60.15165424346924,success,4,True,11,509,62563,23,0,time_limit_with_incumbent,0.12729781997915976,-0.05044231043885464,1.3962543148587514,1800.5957214832306,155867.0,5.575000047683716,True,True,12.0.1,12.0.1,D:\GitHub\Equitable-Truck-Drone-Routing\numerical_experiments\small_medium_dense16_bpc_compact_1800s_campaign\medium_PC_seed5_solution_process_report.json,D:\GitHub\Equitable-Truck-Drone-Routing\numerical_experiments\small_medium_dense16_bpc_compact_1800s_campaign\medium_PC_seed5_solution_process_report.md
medium_PC_seed6,medium,PC,6,6,35,218,0d0de0795356a92917fc39835a33e7dea287c8d00a19210f84214176bdf93d34,optimal,0.058787830517553485,0.058787830517553485,0.0,303.4762849807739,1,60.16415357589722,success,3,True,21,955,753043,32,0,time_limit_with_incumbent,0.058787830094376645,-0.0338733175721814,1.5761960854449288,1800.2841901779175,572882.0,5.75600004196167,True,True,12.0.1,12.0.1,D:\GitHub\Equitable-Truck-Drone-Routing\numerical_experiments\small_medium_dense16_bpc_compact_1800s_campaign\medium_PC_seed6_solution_process_report.json,D:\GitHub\Equitable-Truck-Drone-Routing\numerical_experiments\small_medium_dense16_bpc_compact_1800s_campaign\medium_PC_seed6_solution_process_report.md
medium_PC_seed7,medium,PC,7,1000010,35,168,bbec1f75fd8798798c6dc1a3991f3520c2213a6b8e1496740b58a4713670afec,optimal,0.12049387179514157,0.12049387179514157,0.0,1414.8018572330475,91,60.13476085662842,success,4,True,321,2416,1826283,371,45,success,0.1204938717951416,0.12049387179514162,0.0,287.4352593421936,160916.0,0.2910001277923584,True,True,12.0.1,12.0.1,D:\GitHub\Equitable-Truck-Drone-Routing\numerical_experiments\small_medium_dense16_bpc_compact_1800s_campaign\medium_PC_seed7_solution_process_report.json,D:\GitHub\Equitable-Truck-Drone-Routing\numerical_experiments\small_medium_dense16_bpc_compact_1800s_campaign\medium_PC_seed7_solution_process_report.md
medium_PC_seed8,medium,PC,8,8,35,168,9e0738e301060e539165ee1e3a6fe14a62496a1e699f4bcc8a5203721c9eb298,optimal,0.17401421049025717,0.17401421049025717,0.0,76.497225522995,1,60.26321530342102,success,4,True,10,335,20190,24,0,success,0.17401421049025614,0.1740142104902561,0.0,117.7529718875885,183760.0,4.513000011444092,True,True,12.0.1,12.0.1,D:\GitHub\Equitable-Truck-Drone-Routing\numerical_experiments\small_medium_dense16_bpc_compact_1800s_campaign\medium_PC_seed8_solution_process_report.json,D:\GitHub\Equitable-Truck-Drone-Routing\numerical_experiments\small_medium_dense16_bpc_compact_1800s_campaign\medium_PC_seed8_solution_process_report.md
