relative_path,size_bytes,sha256
campaign_manifest.json,146291,63d56050d8c757642dff57080b7f64c0ada2f8a865ee8ceccce4369c07128c33
campaign_status.json,139,ae43f3485466c373a901540e3553fc49b6cd47ac2b63f0be7679c6fe9ac1b66a
campaign_summary.json,37046,06123d85733d21d863d615f3feaf2dd186a89e4ebdd0d054d70b1fd4871e0852
cases\large_PC_seed5\bpc\attempt_001\bpc_progress.json,27899,fc475ea0478b933ea9a07efe1b2e94f1eba125be60c61aa8e17a8227dc2ca656
cases\large_PC_seed5\bpc\attempt_001\bpc_progress.jsonl,1154668,78ef26196295a7fca127294da0ce36fc5b00c589222e233edbc0c55b0bf7a84a
cases\large_PC_seed5\bpc\attempt_001\command.json,1178,da4c56c8932f42f31627487c994f5d95ea4e728e0062c1f578594211fad1083e
cases\large_PC_seed5\bpc\attempt_001\gurobi_logs\heuristic_full_node_1_cols_1509.log,2203,9aa10b5030041766da1b7c83a20901adc68677a59dcebbef79fc3ba52246d8f8
cases\large_PC_seed5\bpc\attempt_001\gurobi_logs\rmp_node_1_cols_1371_sr_8.log,4045,6e48358cf5af1ace968c01e3d4f9e58309583a8bf8ad7cc3b8b5c390af10ff2a
cases\large_PC_seed5\bpc\attempt_001\gurobi_logs\rmp_node_1_cols_6_sr_0.log,21496,d7c78acb8860ce313250677b9818daf55a369c14c476875f411f40f33b90f46a
cases\large_PC_seed5\bpc\attempt_001\gurobi_logs\root_compact.log,5269,c539dc9ab9fbba002217bd107d20d8830fcf5d49d54cf4c51220c5d877fded28
cases\large_PC_seed5\bpc\attempt_001\resource_samples.jsonl,170380,3acb23b8a0fcba2201ca1fd25b5da01d1e50cbebd889ef91511e4da579b6e7f8
cases\large_PC_seed5\bpc\attempt_001\resource_usage.json,594,bb54021c8e284089e0455aec2a52f4d19b3d7ae21d6e60d2d0f88b46ed108f83
cases\large_PC_seed5\bpc\attempt_001\run_status.json,1152,274d55019d496ecf4ffef61d0e4c653fba9bdf7a64402d5b25d8b799879bab4d
cases\large_PC_seed5\bpc\attempt_001\runner_stderr.log,0,e3b0c44298fc1c149afbf4c8996fb92427ae41e4649b934ca495991b7852b855
cases\large_PC_seed5\bpc\attempt_001\runner_stdout.log,463,22cb110bef278288a66cd84892803b195acaac024b8c1ae761cf98f93be0b075
cases\large_PC_seed5\bpc\attempt_001\thvrpd-seed=5.json,540097,eca7105ec3827635ec3c94ade834689767e9cf2d9b90e2d1762adb3aec1eb4e7
cases\large_PC_seed5\compact\attempt_001\command.json,1112,6c0b1efcd817f4a96af1607d2a4b82bdd6f5a134ca0f36b40bbe247c588d2f82
cases\large_PC_seed5\compact\attempt_001\compact-arc-seed=5.json,58425,d5ba6e07e3428e234b4efe4fd7e416fa20334a51f1424e04bf77c809421f8b3b
cases\large_PC_seed5\compact\attempt_001\gurobi_logs\compact_arc.log,15740,03b2244ea06a46a874a4556b6ca5a22c535897ada8f2e646fb9385d7478fa370
cases\large_PC_seed5\compact\attempt_001\resource_samples.jsonl,280042,01d35f20823becdbcd3ac74fdb9b405cc75ffc63ce0e765bc2f2f36bd702145b
cases\large_PC_seed5\compact\attempt_001\resource_usage.json,596,1ec0adcfbaa090ed5dadd04d78cef564ca712c5bf478aa88f8af1134c363eaa0
cases\large_PC_seed5\compact\attempt_001\run_status.json,1177,f1b4144ae76215ff4c850b6f9f331455940082cf3f3ca088f5277eed9300624a
cases\large_PC_seed5\compact\attempt_001\runner_stderr.log,0,e3b0c44298fc1c149afbf4c8996fb92427ae41e4649b934ca495991b7852b855
cases\large_PC_seed5\compact\attempt_001\runner_stdout.log,355,8f5ddc7c0cc47cbe13926c5cbe90e8bfe5eb4e0ec1506c284d0fc6c1399a43e8
cases\large_PC_seed6\bpc\attempt_001\bpc_progress.json,28731,738812091f1d8f5384d95672345e4c02f3985c7b8ad3fc0d41a52b50e6e3cf9a
cases\large_PC_seed6\bpc\attempt_001\bpc_progress.jsonl,1011452,8f59a4e2837828f72b15b0d733bd79d11670ab6a11aa9ad3a84d715f264536c7
cases\large_PC_seed6\bpc\attempt_001\command.json,1178,fd05ec13704af101dec8fcc51d6e1bfdebbc46c685eaff7cd2760a7d39f50c4c
cases\large_PC_seed6\bpc\attempt_001\gurobi_logs\heuristic_full_node_1_cols_1301.log,1772,e1a8cbe72636f1f822a87fb89873a5d2a055350c54fc23465ad2b74d0a310cfd
cases\large_PC_seed6\bpc\attempt_001\gurobi_logs\rmp_node_1_cols_6_sr_0.log,21495,1dd15ba7249dae9b08144f8600b8f2ca479f55df28e27a693695a4071a0dc174
cases\large_PC_seed6\bpc\attempt_001\gurobi_logs\root_compact.log,4317,f9dab640bbecadfe8ccc315fa642457b6f506ed084b322665335e0be83f6638b
cases\large_PC_seed6\bpc\attempt_001\resource_samples.jsonl,23554,61a77613b8366ed1acf41cfaaef6da845559cac9c438f4db1921184bc8ced507
cases\large_PC_seed6\bpc\attempt_001\resource_usage.json,594,333893e395d49b7094f43ff53fc3e2d65cc9a52878d91a0cf2f7c9df367b9103
cases\large_PC_seed6\bpc\attempt_001\run_status.json,1152,2d46634397b2ad71dd0e689814763e0a7f2b4f19a81665a7157cb29523b18a83
cases\large_PC_seed6\bpc\attempt_001\runner_stderr.log,0,e3b0c44298fc1c149afbf4c8996fb92427ae41e4649b934ca495991b7852b855
cases\large_PC_seed6\bpc\attempt_001\runner_stdout.log,424,82a5f7afe74b0a11e70a471cfbf9bf3ca9d6a1badc42e076d5dddb23204dbaa8
cases\large_PC_seed6\bpc\attempt_001\thvrpd-seed=6.json,592190,95c3e883d81a973d1ca3bf40f4aa7890f3cf5b0ec49124101efd12b8e3840c23
cases\large_PC_seed6\compact\attempt_001\command.json,1112,d1a288edc30a72415aadc487bf0f646d430c7ece4e1353c94575ee6352f0a7c6
cases\large_PC_seed6\compact\attempt_001\compact-arc-seed=6.json,188840,eb8f551b4cf369611867bbb221ff4c9ab0583cb799ef12928dcc656f81b40516
cases\large_PC_seed6\compact\attempt_001\gurobi_logs\compact_arc.log,13665,e4bac90588377a6cc152b835158f2d170edad01113a61757bd0c5e397eac0b89
cases\large_PC_seed6\compact\attempt_001\resource_samples.jsonl,280770,af1c627b0f8910522f4feacc91f86133c7841d5356c56608c58c16548c61ed81
cases\large_PC_seed6\compact\attempt_001\resource_usage.json,598,7673f4d41ac64d7503840c1ba6235c779bfe7b62084cddb98638154f42e5d575
cases\large_PC_seed6\compact\attempt_001\run_status.json,1177,45caf454d0aa8ae544bee01d9ef316d3ea8691fc124f59e0c3ad97d790b669ca
cases\large_PC_seed6\compact\attempt_001\runner_stderr.log,0,e3b0c44298fc1c149afbf4c8996fb92427ae41e4649b934ca495991b7852b855
cases\large_PC_seed6\compact\attempt_001\runner_stdout.log,355,dc8d0ee2098681ed5e10625680831c42f492f8146c35601d2657127e248f85b7
cases\large_PC_seed7\bpc\attempt_001\bpc_progress.json,27686,f83968d47fe14224b0bd787ab8256d0c0d27fcf04ea6e72442f6dae89b879fe8
cases\large_PC_seed7\bpc\attempt_001\bpc_progress.jsonl,748615,32cc4b5e9883f78fa00eb1d2e26ae06c86e7e11a968cdf90270447fe96f56a5b
cases\large_PC_seed7\bpc\attempt_001\command.json,1178,12ad65bbd430b2db665d8444366cc473b7c1585f945be1c608be2b6e46cf96b2
cases\large_PC_seed7\bpc\attempt_001\gurobi_logs\heuristic_full_node_1_cols_715.log,1762,79678227569b332cabdf9743fbf7a85f783a4e9c0f9abb2e057a992f0b6283ad
cases\large_PC_seed7\bpc\attempt_001\gurobi_logs\rmp_node_1_cols_0_sr_0.log,23459,484f0f4214b5bda8e79b7d531f65016b8d6e18fac6aa18f2cb83da1b8b75d022
cases\large_PC_seed7\bpc\attempt_001\gurobi_logs\root_compact.log,4808,a909173ee09940421becd036f8e4fe22d223872590729d13bca013dc20de5eb1
cases\large_PC_seed7\bpc\attempt_001\resource_samples.jsonl,20221,9d5d824a47dba4b007adeed605d29cf4302a551f573b2278391e95ed011e67eb
cases\large_PC_seed7\bpc\attempt_001\resource_usage.json,594,381b9839ef0fe35b8c95fe5df9f8fb46c8588cce013182ff4f8c0a23e692a49f
cases\large_PC_seed7\bpc\attempt_001\run_status.json,1152,661466a1a939795a23d184c2dba8cd748a441b6a62b656febc633149e1ccd8d3
cases\large_PC_seed7\bpc\attempt_001\runner_stderr.log,0,e3b0c44298fc1c149afbf4c8996fb92427ae41e4649b934ca495991b7852b855
cases\large_PC_seed7\bpc\attempt_001\runner_stdout.log,424,390582d3d132bbaaf271c0af884f3d64fa8e9b0f6c721c38d04a55b45993a5c9
cases\large_PC_seed7\bpc\attempt_001\thvrpd-seed=7.json,526962,82112ac58804f1a28ff662ea314ab0c4dd57ec3e8279784808a10ba26e7058c4
cases\large_PC_seed7\compact\attempt_001\command.json,1112,7f4b1675e5e80daf9c7bb1a769b609e8410c88423357b55e6177aced852f0a95
cases\large_PC_seed7\compact\attempt_001\compact-arc-seed=7.json,56964,af205152e70ed73f48b322aa1444935a5ff1977920047c58aaaff3b8db5360d9
cases\large_PC_seed7\compact\attempt_001\gurobi_logs\compact_arc.log,16842,94484604e10af1d1debbfbfe8afd08b58d4850a399e6cbc8ab1041e5f654467f
cases\large_PC_seed7\compact\attempt_001\resource_samples.jsonl,280059,acf7123619431a98aa4f71d489db9503ddaa4612d32588ff44a670a6b14986c6
cases\large_PC_seed7\compact\attempt_001\resource_usage.json,598,62585bc8fed4b2f69079ac283a6deee974217acbe1958c527850854ff474a76a
cases\large_PC_seed7\compact\attempt_001\run_status.json,1177,68777ccdfac14211b0c58844282d0f13625ffa2ac4e39c768eb78ca9922a357b
cases\large_PC_seed7\compact\attempt_001\runner_stderr.log,0,e3b0c44298fc1c149afbf4c8996fb92427ae41e4649b934ca495991b7852b855
cases\large_PC_seed7\compact\attempt_001\runner_stdout.log,355,1bc8a17ad8d218333f4469fd96f1613dbf38acdb54b36dc08109569ddc8b61de
cases\large_PC_seed8\bpc\attempt_001\bpc_progress.json,28766,9089dbddff7834be81e37df85f5ad3a84d84ac3966fdc9833a5f7ec1d269de2a
cases\large_PC_seed8\bpc\attempt_001\bpc_progress.jsonl,1824620,bf2bcc3fe0cd3e58c0f9fede72d1cb3c3fa7ef3af2871c30da7994f0483aedf3
cases\large_PC_seed8\bpc\attempt_001\command.json,1178,43bee8b58286ca976a3ff6d8ef0255440fb901a4ebb57a21277b3d53277ce10e
cases\large_PC_seed8\bpc\attempt_001\gurobi_logs\heuristic_full_node_1_cols_1136.log,2221,e27c732c535012d39b699897917864493d03596f79750482fb585b94891692ef
cases\large_PC_seed8\bpc\attempt_001\gurobi_logs\heuristic_full_node_2_cols_724.log,2116,5507e04384b8de451c6ff233085167bfced06a50102640dd92a1bd75c5d03178
cases\large_PC_seed8\bpc\attempt_001\gurobi_logs\rmp_node_1_cols_1077_sr_64.log,3168,bbbbff64aca8b84c70bf4fd74ef54cacc382bf863b966637b63e50508beb3344
cases\large_PC_seed8\bpc\attempt_001\gurobi_logs\rmp_node_1_cols_1114_sr_74.log,4932,535b36e667e325c3962cc5f8292c281410ca0f41f77d91daa0652ae22ec86bdf
cases\large_PC_seed8\bpc\attempt_001\gurobi_logs\rmp_node_1_cols_6_sr_0.log,15347,d2450697dc0dce27507ce7da5391c39f4b85d67595203d53aefa85ccfcfba147
cases\large_PC_seed8\bpc\attempt_001\gurobi_logs\rmp_node_1_cols_957_sr_32.log,4924,ac8f53779aaae57a90e3839ccd01a1c00ef1649344eb972e37b98ccc65c03a74
cases\large_PC_seed8\bpc\attempt_001\gurobi_logs\rmp_node_2_cols_608_sr_74.log,4922,b321fd5aa597974e070d76a7b85edba2907d68560bd44d37f02690046bc60c04
cases\large_PC_seed8\bpc\attempt_001\gurobi_logs\rmp_node_3_cols_1206_sr_74.log,3172,85b35030840f39ad14783aa06998aedf9a9a3721df87c678bfcc7025f6dc1c62
cases\large_PC_seed8\bpc\attempt_001\gurobi_logs\rmp_node_3_cols_1214_sr_87.log,1413,3b57c0358a6ce48e88cf6c136af93cc244bbbf766db76279dc4af134e148268b
cases\large_PC_seed8\bpc\attempt_001\gurobi_logs\rmp_node_3_cols_1214_sr_97.log,3172,b173d2840efd5a517186ea9e901534f780bd7d71494e205ba201418daa4e1961
cases\large_PC_seed8\bpc\attempt_001\gurobi_logs\rmp_node_3_cols_1222_sr_107.log,2294,24e03d667af82e5f11c4b43f530fb9eea465f7e3f7f65e5176a91708f6729a2b
cases\large_PC_seed8\bpc\attempt_001\gurobi_logs\root_compact.log,5644,908b0c14b8ba69c4e5710331352cdf7c7838c526d66d950fbe67349a9a1a2b83
cases\large_PC_seed8\bpc\attempt_001\resource_samples.jsonl,282547,ce82e24ad03db040a5bc4026d7bdb4cc8fb5563e8dc5bec64df20d945fcb1e41
cases\large_PC_seed8\bpc\attempt_001\resource_usage.json,596,2b180a6758e7d5819d9c74934cec4911282eb2e33368ec708253d3993a1716e1
cases\large_PC_seed8\bpc\attempt_001\run_status.json,1152,1f3a34dd4b43d6df09e804f4f55a09a3d1345c058763b9bed90b40a2aba98a7d
cases\large_PC_seed8\bpc\attempt_001\runner_stderr.log,0,e3b0c44298fc1c149afbf4c8996fb92427ae41e4649b934ca495991b7852b855
cases\large_PC_seed8\bpc\attempt_001\runner_stdout.log,775,8719bb140beaaf08cbc874e105909f6356464db2186ec7f957ce949f83c3306b
cases\large_PC_seed8\bpc\attempt_001\thvrpd-seed=8.json,1196503,4d96060dd63209f8731bf73081ae010d0420a1a67bb005b2a47cd14dd71fe84c
cases\large_PC_seed8\compact\attempt_001\command.json,1112,db98954a1cff4fa48d2b720e4b2979c87fd811e1bad0da0014fb720f80a1e65b
cases\large_PC_seed8\compact\attempt_001\compact-arc-seed=8.json,458667,6484ed232945a65b925b2803a78dc3f4df0bbb594652ced0308c05bb44dff4d4
cases\large_PC_seed8\compact\attempt_001\gurobi_logs\compact_arc.log,18360,e4dc71e83619585012b0c9261c61c3cdd36028d8f533403dc376810af5d9ef06
cases\large_PC_seed8\compact\attempt_001\resource_samples.jsonl,280769,7fee65e0f17d1137424c2a45b964116520837cb5f4f2591a22442e1ddcaa04fb
cases\large_PC_seed8\compact\attempt_001\resource_usage.json,597,d012f96179c10ea4dfba20c2d77ea3417522e6bcb390b5da7a2fcf4f0f4dc46d
cases\large_PC_seed8\compact\attempt_001\run_status.json,1177,1d0b4ef1f96bed9958f63eda9de9d40cc7dc5f783e3b1af4408447aec5e0112b
cases\large_PC_seed8\compact\attempt_001\runner_stderr.log,0,e3b0c44298fc1c149afbf4c8996fb92427ae41e4649b934ca495991b7852b855
cases\large_PC_seed8\compact\attempt_001\runner_stdout.log,355,42983678d5a4392780127bb872faa1214b93af4e47d2d4bb42744725cc9e4ff6
cases\large_PS_seed2\bpc\attempt_001\bpc_progress.json,28149,3201c67876ec0bfad1bc257779a03101897853fdf8f81a62f3e9577bd3066635
cases\large_PS_seed2\bpc\attempt_001\bpc_progress.jsonl,2885505,8691948950d17c78f0599d9d203a01a8b9b1b30ad53753f403380a29ca8cfb95
cases\large_PS_seed2\bpc\attempt_001\command.json,1178,964a1041145ea8bcd7a5531be8b38bd0276f78aaf142528f496af4f8c651ca31
cases\large_PS_seed2\bpc\attempt_001\gurobi_logs\heuristic_full_node_1_cols_1155.log,2040,4680f691cc03637696d90544a4ce6aa6ddd858624b06ea72882f8059f9ff77a0
cases\large_PS_seed2\bpc\attempt_001\gurobi_logs\heuristic_full_node_2_cols_867.log,2205,f2d0eef12be4df0bc315e0381038af9d0ae789841fb1ae999712c4a31b060848
cases\large_PS_seed2\bpc\attempt_001\gurobi_logs\heuristic_full_node_3_cols_1267.log,2049,82d2cca1d4ac7737b27cb1e6f5ca708a75a3f0ddc54cc8212130274197cb9896
cases\large_PS_seed2\bpc\attempt_001\gurobi_logs\heuristic_full_node_5_cols_1000.log,3209,a56648eb30da2f171b0175158b152e1ca7ba7b4e26e62014023cdeebee6c81fd
cases\large_PS_seed2\bpc\attempt_001\gurobi_logs\heuristic_full_node_6_cols_887.log,2054,c445de72a68b0fb6b258df15d533adaf59a9db646bd87de4bc42efffdf4c493f
cases\large_PS_seed2\bpc\attempt_001\gurobi_logs\rmp_node_1_cols_0_sr_0.log,29978,3ccacb2bc317bc04d98e17569c0e8497d0fb0142d44c6a9746bfe7b21c4b9d8d
cases\large_PS_seed2\bpc\attempt_001\gurobi_logs\rmp_node_1_cols_1084_sr_30.log,3169,dce102dec67457a32cf23c04701a2b723e4c0ee50221b1401119919da98f7a2e
cases\large_PS_seed2\bpc\attempt_001\gurobi_logs\rmp_node_1_cols_1155_sr_35.log,1410,2b3c98855de7c1cabee7fc315b2c74b040192857a7d096bd42fde2472b39e2b5
cases\large_PS_seed2\bpc\attempt_001\gurobi_logs\rmp_node_1_cols_1155_sr_37.log,1411,e8330ce8a1432956a6e28bba0ef15c9b0e1c042e6f7f4cd602672c57c07533db
cases\large_PS_seed2\bpc\attempt_001\gurobi_logs\rmp_node_2_cols_776_sr_37.log,2283,463771f0f5f6c6d25bad855cce1f38c714a808ec5867120c44601f66850d04fe
cases\large_PS_seed2\bpc\attempt_001\gurobi_logs\rmp_node_2_cols_785_sr_46.log,4042,57e499c5cb2cf2f730a8675ab1d54ecafcfcd1c5ccd45236b0029c9822027f10
cases\large_PS_seed2\bpc\attempt_001\gurobi_logs\rmp_node_2_cols_813_sr_66.log,3165,75656371a5c08549d1a10e96a014b7bb2ce02bd41762d350ef49c2131b57d47d
cases\large_PS_seed2\bpc\attempt_001\gurobi_logs\rmp_node_3_cols_1076_sr_37.log,3169,b55092b2e785c91cc385d759f2098ca79b2dfae7a774d7d4f6e80c9d7bc272a6
cases\large_PS_seed2\bpc\attempt_001\gurobi_logs\rmp_node_3_cols_1145_sr_39.log,2288,dbf0902e900abfb61cd2ed6c50489466beba35806ccc63966d9fd3c95db4d426
cases\large_PS_seed2\bpc\attempt_001\gurobi_logs\rmp_node_3_cols_1150_sr_59.log,3169,533ba5bd29b201a910f68d493e28df481a7f55a9b52f3245a43b401b6dd6cf7f
cases\large_PS_seed2\bpc\attempt_001\gurobi_logs\rmp_node_3_cols_1223_sr_77.log,3172,051664454d34a490c079246f21865351adbb680e3def4164be76270e34d61fa5
cases\large_PS_seed2\bpc\attempt_001\gurobi_logs\rmp_node_3_cols_1248_sr_79.log,1413,b74fa0d55e77c4b2fe76cc0a08fd0d0797f73836d4e5f7be2ee40569ad2ce91c
cases\large_PS_seed2\bpc\attempt_001\gurobi_logs\rmp_node_3_cols_1248_sr_80.log,2293,997a590d039bf9e583c2ae8f0e452c8901f08dc2be8026c224d406b4581665c4
cases\large_PS_seed2\bpc\attempt_001\gurobi_logs\rmp_node_3_cols_1255_sr_82.log,3173,b91f6382ca90398bcfd49d2114305a00a2f011af2296187ace3436ec5b26279b
cases\large_PS_seed2\bpc\attempt_001\gurobi_logs\rmp_node_4_cols_682_sr_66.log,4042,bdecbda7cd9674221e0168f903fd34ae35f416bfdaac0b8c7fa73f44bc4a8753
cases\large_PS_seed2\bpc\attempt_001\gurobi_logs\rmp_node_5_cols_955_sr_66.log,3165,614b37c1209cb3f7926dd77b2f3cd6276be8b41b52f9f037a534a262aeaeb0bc
cases\large_PS_seed2\bpc\attempt_001\gurobi_logs\rmp_node_5_cols_968_sr_72.log,2291,3908fc30ca5b2821fb001144f5b41b449ee961e135fc9387c71f2acb7aa84299
cases\large_PS_seed2\bpc\attempt_001\gurobi_logs\rmp_node_6_cols_847_sr_82.log,3169,e3b898bdc4355447df245af432bceecae83fa0f5ee23b2970f843fa9f4ab418c
cases\large_PS_seed2\bpc\attempt_001\gurobi_logs\rmp_node_7_cols_1143_sr_82.log,2293,8837e547c5444c3ac09f61ff5768bcee7763b872f261c96133bedc5baa0265a6
cases\large_PS_seed2\bpc\attempt_001\gurobi_logs\root_compact.log,4845,95f1cab408bc0a9559c0f2ca0647d4d97fe332eb725b82f8cff229b710071635
cases\large_PS_seed2\bpc\attempt_001\resource_samples.jsonl,283063,4f583a173a74a3a41770bed20af139f18938f6fb3144befa3f65ce99a1793ce0
cases\large_PS_seed2\bpc\attempt_001\resource_usage.json,591,9edd6c2c72ad45419d11e82638f5e6953fb01efab326a27435ed3f95bd15c1c7
cases\large_PS_seed2\bpc\attempt_001\run_status.json,1152,7f29be1e353cc9f66a3a44a717f1693f93a6e2a72e9689fe1b63fe45567a36a4
cases\large_PS_seed2\bpc\attempt_001\runner_stderr.log,0,e3b0c44298fc1c149afbf4c8996fb92427ae41e4649b934ca495991b7852b855
cases\large_PS_seed2\bpc\attempt_001\runner_stdout.log,1282,64f928d5b9d1e62376ea52880dbb204b0a4b54b12f747e541eacfdb43b4bb58a
cases\large_PS_seed2\bpc\attempt_001\thvrpd-seed=2.json,1382121,5e88f8cb583e1a8e996525a6fe366523d6ee1f060586856433bf0ec832d8172f
cases\large_PS_seed2\compact\attempt_001\command.json,1112,62e65b1efe45b4cd42933d8945ef13d47fde0eda9519a2ba8ca90375e0de0c95
cases\large_PS_seed2\compact\attempt_001\compact-arc-seed=2.json,27327,16e1f990d500471180a531df6a8c4201ef7f367c3fbc0db06449e823dfe47961
cases\large_PS_seed2\compact\attempt_001\gurobi_logs\compact_arc.log,15975,2d5185aff4940d8e46348df19b8b7e0674c3108655b59a04e64726a3aad693af
cases\large_PS_seed2\compact\attempt_001\resource_samples.jsonl,281123,34cac525356071528d89c8fdd23fc2e5e9c312bb0578eeb76281204228267615
cases\large_PS_seed2\compact\attempt_001\resource_usage.json,596,1ee320f6c3d9266495d831454e187179fb6fe75355c7a3f74eb69b383309b696
cases\large_PS_seed2\compact\attempt_001\run_status.json,1177,548ca56efbea7d6a8bcbc7c95543229e0174e35788ede836355a7ed49a7743ac
cases\large_PS_seed2\compact\attempt_001\runner_stderr.log,0,e3b0c44298fc1c149afbf4c8996fb92427ae41e4649b934ca495991b7852b855
cases\large_PS_seed2\compact\attempt_001\runner_stdout.log,355,b24d6080ca1f2671893d42251757e68b869569fd72ae133c60adae27405710c4
cases\large_PS_seed3\bpc\attempt_001\bpc_progress.json,27811,72ba8af9981cb4da0f3a99677bef5b676fe9680219872e073a56db6caec22a77
cases\large_PS_seed3\bpc\attempt_001\bpc_progress.jsonl,710216,bffd52589d3e9deab236d02358cc7e4e6586d24255942b402687690159df52e9
cases\large_PS_seed3\bpc\attempt_001\command.json,1178,9035b0650b5f99503327ec0b2ca1d2cc2bdd3ade1a7320925d50d1a86ab35db0
cases\large_PS_seed3\bpc\attempt_001\gurobi_logs\heuristic_full_node_1_cols_864.log,2160,1c46daea592be84f76adc3dbeccc1ba36b504e9a03290fbc7958e5bb8614dd6c
cases\large_PS_seed3\bpc\attempt_001\gurobi_logs\rmp_node_1_cols_6_sr_0.log,13596,7f4bd3494a06ea0d8d93fc888cae7f8c6d313782152f804946d77c4ea87a2aec
cases\large_PS_seed3\bpc\attempt_001\gurobi_logs\rmp_node_1_cols_836_sr_25.log,2282,53023ff85f3eca6b342adce47823dfff7a048efbc03f6b9be64b776e6cc73373
cases\large_PS_seed3\bpc\attempt_001\gurobi_logs\root_compact.log,5401,62f1169548d343b7129b9e2450d6b86dde9245e1a5658c858ed3f72e8b4ac510
cases\large_PS_seed3\bpc\attempt_001\resource_samples.jsonl,39980,473b42af06ba49b51eb36d3b5822de3edb6ad9d7af276d9f9f03fbc782974316
cases\large_PS_seed3\bpc\attempt_001\resource_usage.json,593,1a071a8749d3241e1271ff810e0d1e278b18107c1d10fc1aa430e92b0f0968a6
cases\large_PS_seed3\bpc\attempt_001\run_status.json,1152,792bd27d4362f351b95dfada2a8c3a67b118ebd576cce3829f0032bdcec0b02b
cases\large_PS_seed3\bpc\attempt_001\runner_stderr.log,0,e3b0c44298fc1c149afbf4c8996fb92427ae41e4649b934ca495991b7852b855
cases\large_PS_seed3\bpc\attempt_001\runner_stdout.log,463,5b524990a82946b12e9ba0928495ba1b7dc93b3a1395a021195d07572975e249
cases\large_PS_seed3\bpc\attempt_001\thvrpd-seed=3.json,352131,5d0a4c7b52e70316bd136abb20fd84428f405deb7bf0cde89ffa71db24455a4b
cases\large_PS_seed3\compact\attempt_001\command.json,1112,481cc91c883095219e409c4bdb180cd27b8bcab39217d22ad33458577d666c6e
cases\large_PS_seed3\compact\attempt_001\compact-arc-seed=3.json,58034,d7aa2483e643dc41fd7b38fbb4897231157145ab26c5c419978f51f40549f75c
cases\large_PS_seed3\compact\attempt_001\gurobi_logs\compact_arc.log,19295,909f62dd9076d6c3a4950c34d0a941247f4175820e8f1f17fbc1f0acb7b32582
cases\large_PS_seed3\compact\attempt_001\resource_samples.jsonl,280692,97a20696296c082ffc7ec77ee605d4cb79997405a3e43246036e304666982c91
cases\large_PS_seed3\compact\attempt_001\resource_usage.json,597,89f1fec943a6f90b1e27f80753b8638f6c9afafe46f9f5055497cf6810a9737e
cases\large_PS_seed3\compact\attempt_001\run_status.json,1177,5ba8c0645a86770ebb71a378636681ab7051da5101f1c46f6734868959548de2
cases\large_PS_seed3\compact\attempt_001\runner_stderr.log,0,e3b0c44298fc1c149afbf4c8996fb92427ae41e4649b934ca495991b7852b855
cases\large_PS_seed3\compact\attempt_001\runner_stdout.log,355,447fc942029332d9a184a69c2ed8f2fa6834ef0c9168b23ff999e6b0a6f2bc69
cases\large_PS_seed4\bpc\attempt_001\bpc_progress.json,27746,9f7b02a9df90a13b56b5e0bb338840ce8336cb2d69a2c70a433089884190a29a
cases\large_PS_seed4\bpc\attempt_001\bpc_progress.jsonl,637161,0fdb6d353a978c954e818f830c6d481136e5d7922da243e9ec85715ab24701ce
cases\large_PS_seed4\bpc\attempt_001\command.json,1178,91c8780ef27ca7e29fbc431e76fb8b0595665daa537847965ca5f1c13204c1e5
cases\large_PS_seed4\bpc\attempt_001\gurobi_logs\heuristic_full_node_1_cols_842.log,1763,aab6492b41c0f40edfb0daf611604d2b756016652db968e75b0e7c0102e2e0ab
cases\large_PS_seed4\bpc\attempt_001\gurobi_logs\rmp_node_1_cols_6_sr_0.log,13596,21e066aec0b5ba11a9e2a6152ac0b8454bca96c67a62bc9f41737df00bf3dd39
cases\large_PS_seed4\bpc\attempt_001\gurobi_logs\root_compact.log,4729,d0b2c6c6e7d9f3048d9447842e230c48af7b2e84f8a4efe84f7eeeb1d9dd77c0
cases\large_PS_seed4\bpc\attempt_001\resource_samples.jsonl,17956,f83cc3c2f9cf5c61bc95ddd2807ddd717d93030425f7f4335004aa7f380e9b74
cases\large_PS_seed4\bpc\attempt_001\resource_usage.json,591,63ae27321937e222f7dd66b16211366a144c2f11002695dfc3cd19b531cdce9d
cases\large_PS_seed4\bpc\attempt_001\run_status.json,1152,aef88115737a5fa9b141dd93ec6fec71e9db0850f291668a30115ea6c0f24f05
cases\large_PS_seed4\bpc\attempt_001\runner_stderr.log,0,e3b0c44298fc1c149afbf4c8996fb92427ae41e4649b934ca495991b7852b855
cases\large_PS_seed4\bpc\attempt_001\runner_stdout.log,424,35e1f8771440601dab4309a08facf87f0697e9aaf8a9b950e07067ef24d68126
cases\large_PS_seed4\bpc\attempt_001\thvrpd-seed=4.json,319085,0d7a8ac23377ea34baf28afcf81224f291d150bb2cbc3ad8f645c487a749ec2f
cases\large_PS_seed4\compact\attempt_001\command.json,1112,d1fafe501265453556473187f512d532638ea4dca5943a41c1054f2928644262
cases\large_PS_seed4\compact\attempt_001\compact-arc-seed=4.json,57818,8a474d7d6dd2d83d3b76c02a643cdbaa3d870f4d55e92b853ba1af44aefb119a
cases\large_PS_seed4\compact\attempt_001\gurobi_logs\compact_arc.log,18991,26db2d2f46d18f07e2576b9fd27ddeff0d489a5f7f96eafdcd9c6c9d8ee48f2d
cases\large_PS_seed4\compact\attempt_001\resource_samples.jsonl,281062,b60dce563d4e0fd0aaabc86194f7f6fc43001704d6e96424c0ef1398991a23d0
cases\large_PS_seed4\compact\attempt_001\resource_usage.json,596,1a595a0d1a9715bb6a1a260334965011ae4e2ca0db6fa9b645adbd1f4997b326
cases\large_PS_seed4\compact\attempt_001\run_status.json,1177,ab256afb8baeddc01e2de28168262fcc90b8139ba2fd35e1d083fe5be4357401
cases\large_PS_seed4\compact\attempt_001\runner_stderr.log,0,e3b0c44298fc1c149afbf4c8996fb92427ae41e4649b934ca495991b7852b855
cases\large_PS_seed4\compact\attempt_001\runner_stdout.log,355,6458b2e0d539f1dbeeabfe69d7e2ee8ff917c065647e09e431718795c64fdd93
dense_campaign_comparison.csv,5666,53ce5b85045636deddfdddc0bb9fd4304c64bb296bfdb23c28401eb4f89ab77e
dense_campaign_comparison.json,13231,ea7d5a1c9ca22ca2150b83472e6b186db73979d1c4c656fb827bd9999ca51856
dense_campaign_comparison.md,1240,c20ca585a5fe4362fe2198d623b93ecfc224090087409b9dfeadcf3e39ee8eec
instances\large_PC_seed5.json,80816,e8110700c80ddea2a5a05002e759353166748bc7a48cd674e16196f1f935a92c
instances\large_PC_seed6.json,206758,64bdfa8d2006655ca685043de24060b0d1340d85841c6594856342fc5bb98ebf
instances\large_PC_seed7.json,76841,163a4a06cfc49f36efdead30c0bcb198449a285143be8d949cfa9448118be0de
instances\large_PC_seed8.json,483168,26fd376925e46a5a649a30c69fb3b304e3b21aff075e6b3dae23da8314002fa0
instances\large_PS_seed2.json,45904,322271a4a576e0377d721c68fd8b1b2f2e9ea6db4ced366d6ce27e723c97be87
instances\large_PS_seed3.json,79492,5491365af488986ddc2fdf840806b7b135f325392895602b61376c44e82529b2
instances\large_PS_seed4.json,78218,05a3b330562b20f8fe348d5947aa5965124fb45e99ee99f8a00394fc4a1565f2
large_PC_seed5_solution_process_report.json,1239343,88889696f16c77aa003497573897587809e9bf74655b8029c870d2af566ae717
large_PC_seed5_solution_process_report.md,9248,3b0883f158eae9ac1cd332dc794abf6490080503be3538fb8f8ea70a926e8d68
large_PC_seed6_solution_process_report.json,1404042,630eae5328645a8de0de38f2f0da79097c3c49721b1d05362c421055a6253655
large_PC_seed6_solution_process_report.md,10211,6a632a17f8c8cc2ab10854766b08714bd4529cf385712fcab2897d189d2656f7
large_PC_seed7_solution_process_report.json,1210208,2bd690a2ad5d4cba7021df4cabb138f4d90a7ffeda6dd9a91ae69776779f8976
large_PC_seed7_solution_process_report.md,9162,0effa64f4327e0b72614a7f59314d512a54181c48fcf308ab2bb4fe2cb5be317
large_PC_seed8_solution_process_report.json,2788944,2a76af6601f702fb88e6d12b0e712cd856c24ee7ce81e1f8cb6230e04f07493e
large_PC_seed8_solution_process_report.md,10606,d6d703e7904198fe7f84deb47bb2d78cdbae11a6656e406aacdbda810844d18c
large_PS_seed2_solution_process_report.json,3065174,93877a61da368d45df0f545433d7eca642aa27c3d58bbcc16099b40ea3dda19a
large_PS_seed2_solution_process_report.md,9214,59187e8765759bed8ec7f2d69c491700e8353e2c447862fb90a6c25d1bb88950
large_PS_seed3_solution_process_report.json,830379,3307b8f20f9d97ec90061fa4ae186499290d972154ba0511303d58bec661cb62
large_PS_seed3_solution_process_report.md,9216,f9bba0fb95f4b6de2090d58bb234328782ea540b059676ef91face8e09a065d9
large_PS_seed4_solution_process_report.json,758322,c959b11d0ea1737765d6168b9da9398cd83b69b6c47743881bb71316f6aa1de2
large_PS_seed4_solution_process_report.md,9235,ff0f69f84c88bad6316e3f2bae950c09bb2dee032e5e1982548a81b132cbb953
pc8_performance_replacement_provenance.json,150440,c4316a2b24ca3a21c46c9783907f2d6caf2332d7ea08b91d37c9fb8bd73fe00e
pc8_performance_screening\candidate_004\selection_result.json,2756,e3008d1c579cd9481fd006574bd368bff468f1b2eac490a84ebccea2edc2ed45
pc8_performance_screening\candidate_004\trial_snapshot.json,42478,45db9616ae957aa8839909f0b8b49f09937cb612f7872e1787df25bf5fc73e7a
pc8_performance_screening\candidate_004\warm_start\candidate_snapshot.json,42478,45db9616ae957aa8839909f0b8b49f09937cb612f7872e1787df25bf5fc73e7a
pc8_performance_screening\candidate_004\warm_start\root_compact_screen_run_01.log,4497,c0fe725fe37a3a86601b160fc307bdfc9531f73fcd917d79192a096a3cfb9b00
pc8_performance_screening\candidate_004\warm_start\screening_result.json,1863,a22602139c17737ff4acee32a239dd6a7950dc4bfcfd8f12b8ea3eecdfdc0a06
pc8_performance_screening\candidate_005\selection_result.json,758,4993bf568b762d2e1df4abf0f7e29088ff4cca43f0c394888832f6fba94e699c
pc8_performance_screening\candidate_005\trial_snapshot.json,48911,76bee91d9d732cf6760943f804a2e379fa09988fbb8bdf89aad67d71a523d6d3
pc8_performance_screening\candidate_006\selection_result.json,758,73862a47bd4f446898ead2bb8e43c58f69be17d49eb03902582ee2908bac6745
pc8_performance_screening\candidate_006\trial_snapshot.json,48991,5154e98f7cebb019645b2c0f3bd01b60eb6374a9da79ce9549d6f7f8616fe697
pc8_performance_screening\candidate_007\selection_result.json,758,2a4df2933eee5d3688e14548c304c739909970b3ffc3176c7dfcb24fdb42067a
pc8_performance_screening\candidate_007\trial_snapshot.json,41952,e6bbb9c7f615cfd5455e222102fbe47c028c7c1b2ebc213392c1a8c25140b925
pc8_performance_screening\candidate_008\selection_result.json,2756,5cc021c07250e75f50b93a08545a28202b9ac0fe07ef5408a5b1c1b4752b6e71
pc8_performance_screening\candidate_008\trial_snapshot.json,42129,51957fa9c2332fd8c9e0696ae89c05cd831a734156b49c7598541f63b21ecc62
pc8_performance_screening\candidate_008\warm_start\candidate_snapshot.json,42129,51957fa9c2332fd8c9e0696ae89c05cd831a734156b49c7598541f63b21ecc62
pc8_performance_screening\candidate_008\warm_start\root_compact_screen_run_01.log,4089,23ea7e0791227d5d04b3bcde16b2b8a79728c8718ba00965f4c817de37a14a3e
pc8_performance_screening\candidate_008\warm_start\screening_result.json,1863,79953a714e7d637a72b9b69a7f3614ec326401d9073c23ad17ea1a84544cf148
pc8_performance_screening\candidate_009\selection_result.json,2760,0362a10957eae539b1916b884b5009f99f7b05ef15ddcd9f287e78b4d6722a24
pc8_performance_screening\candidate_009\trial_snapshot.json,45066,9deba5052b7212909a0d7401079990122b227892ab8845e66cc40819d3d4570e
pc8_performance_screening\candidate_009\warm_start\candidate_snapshot.json,45066,9deba5052b7212909a0d7401079990122b227892ab8845e66cc40819d3d4570e
pc8_performance_screening\candidate_009\warm_start\root_compact_screen_run_01.log,3996,70f86762106ace50aba2b3373c6cc77387cc17b565f24d0ac578ab5c62665c64
pc8_performance_screening\candidate_009\warm_start\screening_result.json,1867,e2a55975f1f0ed89384874c4dfc189c1582e0100612cc3e2f5b2fa9a8409d167
pc8_performance_screening\candidate_010\selection_result.json,760,fa8c2a53dd17be226b153cefb89078f74f84964d5b8c56745e9ce82f3e309d65
pc8_performance_screening\candidate_010\trial_snapshot.json,49978,c0084e6da080661ef34ed90e02a2dce5482ab29a1e27bed097e3b4af3b81d169
pc8_performance_screening\candidate_011\performance_trials\bpc\attempt_001\bpc_progress.json,28586,44df471719028f33b602fcfd7aea7351d51cd3ccc62c29c458a4deda78f0e876
pc8_performance_screening\candidate_011\performance_trials\bpc\attempt_001\bpc_progress.jsonl,945183,ddb38c360971914123f78f378b86b1065cbbedf8eb311c1686a42b087cd2b298
pc8_performance_screening\candidate_011\performance_trials\bpc\attempt_001\command.json,1248,9028ce22b49d9c1be134275270e29233b4e2c754fa7396e932ebdb6b5cd54281
pc8_performance_screening\candidate_011\performance_trials\bpc\attempt_001\gurobi_logs\rmp_node_1_cols_6_sr_0.log,20657,004fa71227ff7c79bbd270d9461146ac0d7d0638f16f6f7b48f156beb1ff87b1
pc8_performance_screening\candidate_011\performance_trials\bpc\attempt_001\gurobi_logs\root_compact.log,5348,9892dbf2a84e8afc9cad0b3badadabe5fdfc97832583ca1dd08e1e230c5ec757
pc8_performance_screening\candidate_011\performance_trials\bpc\attempt_001\resource_samples.jsonl,283425,3588dc19cfb82bcea21a5fd205601a0580ef414c7df8db916b9d5cc2dfdefa05
pc8_performance_screening\candidate_011\performance_trials\bpc\attempt_001\resource_usage.json,634,d83c183f53c3750b8d7a4830732e7c39a6e5246a33f1b1eadf1cba72ae24dda3
pc8_performance_screening\candidate_011\performance_trials\bpc\attempt_001\run_status.json,1308,ad6dcabbf29066efeec43d22db802a129b8dcd2ff115c30cd71368c9ce6f8fe8
pc8_performance_screening\candidate_011\performance_trials\bpc\attempt_001\runner_stderr.log,0,e3b0c44298fc1c149afbf4c8996fb92427ae41e4649b934ca495991b7852b855
pc8_performance_screening\candidate_011\performance_trials\bpc\attempt_001\runner_stdout.log,423,90b5bef79952388039fc40b5ff08c2406bf64695db417eb01718a6fe9958aff5
pc8_performance_screening\candidate_011\performance_trials\bpc\attempt_001\thvrpd-seed=8.json,422738,65feb8fbdc673837685adf20585caa946248868b5e4fe09f644fe534e8ab58a2
pc8_performance_screening\candidate_011\selection_result.json,37258,1d6dbe0bc10f7640e96de8a50e336bb6528f3eac2d64d9c514d37ed67d11118f
pc8_performance_screening\candidate_011\trial_snapshot.json,45618,847a6e467601054599e319f02b33f48d7676a9b94f63e2dfbc9cfa10644c242c
pc8_performance_screening\candidate_011\warm_start\candidate_snapshot.json,45618,847a6e467601054599e319f02b33f48d7676a9b94f63e2dfbc9cfa10644c242c
pc8_performance_screening\candidate_011\warm_start\root_compact_screen_run_01.log,6004,47e25e55833f3a93ac419146b9889f148e7d915dfd78c376bd7765990043cc6d
pc8_performance_screening\candidate_011\warm_start\root_compact_screen_run_02.log,6020,05329cebe16acb029c7ffb711f9735b1550e14a0993d0b903025fb6da1f39c2b
pc8_performance_screening\candidate_011\warm_start\screening_result.json,32077,d9b8b4563a1913d8d6184201edbc7df7dfa495d428a137bf499774986daf8594
pc8_performance_screening\candidate_012\selection_result.json,2760,141b2bf56797806597efbdc2a8a5b22c7e13f0334d565ab4e80b66129b6428c3
pc8_performance_screening\candidate_012\trial_snapshot.json,46871,e1e128c419523f431ca795397f91107e08ec66c2466484b8038314c6a688ed3e
pc8_performance_screening\candidate_012\warm_start\candidate_snapshot.json,46871,e1e128c419523f431ca795397f91107e08ec66c2466484b8038314c6a688ed3e
pc8_performance_screening\candidate_012\warm_start\root_compact_screen_run_01.log,3966,ca47f70f4208bcfbe864a2788255b71d7fa0f25fa71b3d2db2adaad82864bae4
pc8_performance_screening\candidate_012\warm_start\screening_result.json,1865,6cc77c271b3ded829b99feefd4382a4629ab9aa0bf6701b309ad094e9205a19d
pc8_performance_screening\candidate_013\final_rejection.json,508,cd88c6a31522be5944a0f32556e386ef64996bf28d4bd20d6a232c0028f15750
pc8_performance_screening\candidate_013\performance_trials\bpc\attempt_001\bpc_progress.json,29178,534b079404cc1aecc8df991a1a9b6c401eba5389778e5bfe2b4b276ee85bf0dc
pc8_performance_screening\candidate_013\performance_trials\bpc\attempt_001\bpc_progress.jsonl,1849453,bf4b789eeba448f682f0a1fcf05dfec0c7a93910a6ec55f74b59acdd08041b64
pc8_performance_screening\candidate_013\performance_trials\bpc\attempt_001\command.json,1248,0952a9be525929383857544d0d35a182d69ff73ebcc5ec501d569cee059d85a6
pc8_performance_screening\candidate_013\performance_trials\bpc\attempt_001\gurobi_logs\heuristic_full_node_1_cols_1021.log,2103,c3734ba2c44d31112a82668fd41d8373e192d2d222628bac720b140af30818af
pc8_performance_screening\candidate_013\performance_trials\bpc\attempt_001\gurobi_logs\heuristic_full_node_3_cols_1155.log,2257,834d39ae46902de19ee813f0e031c0ae858a6d2d2d7c89c80c81f7a4f60fa4c8
pc8_performance_screening\candidate_013\performance_trials\bpc\attempt_001\gurobi_logs\rmp_node_1_cols_1021_sr_36.log,1447,d759f87df1419bad38ec721d890d317e6afb9fcbcc1ea23babb4bf68ea10e0d9
pc8_performance_screening\candidate_013\performance_trials\bpc\attempt_001\gurobi_logs\rmp_node_1_cols_6_sr_0.log,15386,30ed03d6a2244e561580b38d4b989a8dc2208c7c01b7abe301c3a6376d49d25e
pc8_performance_screening\candidate_013\performance_trials\bpc\attempt_001\gurobi_logs\rmp_node_1_cols_935_sr_32.log,4080,2f083882b4abf39836cc256d1c6def51710ebf452b190fca9c7fed5b46f484ca
pc8_performance_screening\candidate_013\performance_trials\bpc\attempt_001\gurobi_logs\rmp_node_2_cols_600_sr_36.log,6708,11c7e248c755da8e1affc45627727739fb83661c8bc859a2700336a64b58a4bf
pc8_performance_screening\candidate_013\performance_trials\bpc\attempt_001\gurobi_logs\rmp_node_3_cols_1116_sr_36.log,3205,b7a228c651ff725f3f3810297b3cc72778590e8b39238610eccbc0802c41e3db
pc8_performance_screening\candidate_013\performance_trials\bpc\attempt_001\gurobi_logs\rmp_node_3_cols_1151_sr_38.log,2327,54a1d576bc22bff251324e7be45661784ca044d61e8412a4ca90216184a27246
pc8_performance_screening\candidate_013\performance_trials\bpc\attempt_001\gurobi_logs\rmp_node_4_cols_787_sr_38.log,3197,8b82e1258724bde7e95bd48fdc346486f8eaac99ed40abe5e6c82b93dd9f4ba7
pc8_performance_screening\candidate_013\performance_trials\bpc\attempt_001\gurobi_logs\rmp_node_4_cols_807_sr_53.log,1446,c2b1de230fae181da9757bb77fce3f3127370e940f5d4b7dc12086c72e84b039
pc8_performance_screening\candidate_013\performance_trials\bpc\attempt_001\gurobi_logs\rmp_node_5_cols_1126_sr_38.log,2328,96aa34ea0ed00aef43f7afea97c4341022526f8737be3328aa790f3bae8cbe44
pc8_performance_screening\candidate_013\performance_trials\bpc\attempt_001\gurobi_logs\rmp_node_5_cols_1129_sr_65.log,2327,06bce3012d68012951d7feefb53bfdff9c1f8ffa37a48efa7295e2876faeddf8
pc8_performance_screening\candidate_013\performance_trials\bpc\attempt_001\gurobi_logs\root_compact.log,6112,974818dbad8402037d2e100ee9c6f8821d72fe86470d9c160b39da0869c0473f
pc8_performance_screening\candidate_013\performance_trials\bpc\attempt_001\resource_samples.jsonl,151584,7ad3a3f51d68601507f3c09fe132cde2bd879384e9b14d2cd029adbfab20a906
pc8_performance_screening\candidate_013\performance_trials\bpc\attempt_001\resource_usage.json,634,fd4e385e6f8de58e1459f40f39e447c69467b366e2202a4772581cb8ea2b87d2
pc8_performance_screening\candidate_013\performance_trials\bpc\attempt_001\run_status.json,1308,9f5748a7510c54289e7f4b1798d1ffb00c1245a83c3ec7fa36517e8a6eff5169
pc8_performance_screening\candidate_013\performance_trials\bpc\attempt_001\runner_stderr.log,0,e3b0c44298fc1c149afbf4c8996fb92427ae41e4649b934ca495991b7852b855
pc8_performance_screening\candidate_013\performance_trials\bpc\attempt_001\runner_stdout.log,852,9f49946333ee3c842ccabe000f88994b9690d90d5d9d9363ac660628f0ab7f11
pc8_performance_screening\candidate_013\performance_trials\bpc\attempt_001\thvrpd-seed=8.json,745741,d60410627e0866fd822ca35ace9cb70e301cf09040e7f327880448f8a694659b
pc8_performance_screening\candidate_013\performance_trials\compact\attempt_001\command.json,1182,9e0cd1c53610997cdb57b010246f21bcb046b01f992ae6e315506a7c74c1ef76
pc8_performance_screening\candidate_013\performance_trials\compact\attempt_001\compact-arc-seed=8.json,23112,8d17d81a399aa1180065f516d596e75f03257a946fcae5c8254e2b9a2f27733f
pc8_performance_screening\candidate_013\performance_trials\compact\attempt_001\gurobi_logs\compact_arc.log,22149,57e1d04be1ad8d31304dba481945f291a030d1a7d1cdeed37f276a67e9393c0f
pc8_performance_screening\candidate_013\performance_trials\compact\attempt_001\resource_samples.jsonl,280608,7b557a5557d88889bb0964a0d2406836c78102231641381172f7b829a552cf9d
pc8_performance_screening\candidate_013\performance_trials\compact\attempt_001\resource_usage.json,636,f9a1b4b79621f436fd2076ba8dcfa6d4fbed8277d80446043fe83e227ce0bfd0
pc8_performance_screening\candidate_013\performance_trials\compact\attempt_001\run_status.json,1333,595ae3ff2c58069d3bb98407d3f95c09760369d99565b2f88a32d81fcf41acb0
pc8_performance_screening\candidate_013\performance_trials\compact\attempt_001\runner_stderr.log,0,e3b0c44298fc1c149afbf4c8996fb92427ae41e4649b934ca495991b7852b855
pc8_performance_screening\candidate_013\performance_trials\compact\attempt_001\runner_stdout.log,393,559185e8e4e4a26b3ff82446abe222402cae3859c20ec9a62e9a4d02d675b12a
pc8_performance_screening\candidate_013\selection_result.json,38029,604169ed601a59697538061c5bdcf3b84ac2bfda8b0d7957f3c740830805b300
pc8_performance_screening\candidate_013\trial_snapshot.json,43299,8d3070c30df3cc7556f2b9f9c6b5319a0f0857385329fbafbfa63f118b46b3db
pc8_performance_screening\candidate_013\warm_start\candidate_snapshot.json,43299,8d3070c30df3cc7556f2b9f9c6b5319a0f0857385329fbafbfa63f118b46b3db
pc8_performance_screening\candidate_013\warm_start\root_compact_screen_run_01.log,5437,b4bc4c289bb9f47bbc1c0fecf418e6fa75cea4852cb6da5a7180d176e8888e86
pc8_performance_screening\candidate_013\warm_start\root_compact_screen_run_02.log,5437,87c384830fcc1e6c61b1cd90d5cb0567996fd6642993c6263a2d727760199e5d
pc8_performance_screening\candidate_013\warm_start\screening_result.json,31164,89c3f008de61f8f26b496e6e7c3ba98d1479756f2f2da6dcecef1768680177cd
pc8_performance_screening\candidate_014\selection_result.json,2760,bee56db1d3e3edfb665dc7bb078685b3dfafaa54f54ec98a1ace2bc749231263
pc8_performance_screening\candidate_014\trial_snapshot.json,45858,ec6292d86195f985126b613a2344c920bcb339d4a28773035cc8fc42ea16b7f5
pc8_performance_screening\candidate_014\warm_start\candidate_snapshot.json,45858,ec6292d86195f985126b613a2344c920bcb339d4a28773035cc8fc42ea16b7f5
pc8_performance_screening\candidate_014\warm_start\root_compact_screen_run_01.log,4380,a15538f349a3b9acb4315120d9fb720a3764aa9894732de0d6b326d28baafd86
pc8_performance_screening\candidate_014\warm_start\screening_result.json,1865,49c7669e9b62292fbc5e96c4775c01aa3a7f7baccd3a139359c65182b20dbcb3
pc8_performance_screening\candidate_015\selection_result.json,2760,b495c20314595b0e68d289055ad348b8f059e40fb9b4fecd74a3d26b815a4a5a
pc8_performance_screening\candidate_015\trial_snapshot.json,43699,532101df902ca3a6d9c6d26eb27656a87d32e0336c09e0a87ebba1a52db205c7
pc8_performance_screening\candidate_015\warm_start\candidate_snapshot.json,43699,532101df902ca3a6d9c6d26eb27656a87d32e0336c09e0a87ebba1a52db205c7
pc8_performance_screening\candidate_015\warm_start\root_compact_screen_run_01.log,4876,36fdbeba9d7384179123e4ee600c0d5c8b7e3a1e14febfcb14e9d8e099e5cbc1
pc8_performance_screening\candidate_015\warm_start\screening_result.json,1865,c74042a3e22e1e14d7216a63b7b63f163cf42fc4e038121177ae8001a618e489
pc8_performance_screening\candidate_016\selection_result.json,2760,fedce635fa5f305183df0c4684a73e109b13e3f21beddd2cb5f9032621fcb8de
pc8_performance_screening\candidate_016\trial_snapshot.json,44251,cde303e0627472a76f0c70b26cdad35424e9282b92fe9b696a7a2546aee4f3e3
pc8_performance_screening\candidate_016\warm_start\candidate_snapshot.json,44251,cde303e0627472a76f0c70b26cdad35424e9282b92fe9b696a7a2546aee4f3e3
pc8_performance_screening\candidate_016\warm_start\root_compact_screen_run_01.log,4510,bcd90caf90500be0ff165f8d6d4789f57a900e404a3200ab1e9c0f8adff07fe5
pc8_performance_screening\candidate_016\warm_start\screening_result.json,1865,655a1f4bc8e8c9fd9b648ffc25560a6ef739abb070a6ba432513e555427c8a28
pc8_performance_screening\candidate_017\selection_result.json,2762,f81ccdd86d8366ce498ecb8ee20d0d00c1c366823460ace617035838c114e357
pc8_performance_screening\candidate_017\trial_snapshot.json,45532,3d236a400add304d7b4be313fbb5bf2700ecab9fcb6fcb2b98bda8f6c401cdeb
pc8_performance_screening\candidate_017\warm_start\candidate_snapshot.json,45532,3d236a400add304d7b4be313fbb5bf2700ecab9fcb6fcb2b98bda8f6c401cdeb
pc8_performance_screening\candidate_017\warm_start\root_compact_screen_run_01.log,4663,02af4de4428e6453c9ebdd301bd64f1113113c6b8c0b2ccb90226a21415f574e
pc8_performance_screening\candidate_017\warm_start\screening_result.json,1867,aef55a2d86a1c28d45942c61c7c59a07ed3fce79d3015bf8812a34234475a855
pc8_performance_screening\candidate_018\selection_result.json,760,87b894904ec48a5119d9b0a62e5ce0a1ac8661a72c6a699bd0109ec38d8acd89
pc8_performance_screening\candidate_018\trial_snapshot.json,38414,1f60c8f191c5d4d7735a6f51c49203ee7a21e816c9149ffef90a09fab059e3d2
pc8_performance_screening\candidate_019\selection_result.json,760,8077166d5f05e006a7de7dee8028a8fb09788e8d4b4c544460cb1cbd65fbe611
pc8_performance_screening\candidate_019\trial_snapshot.json,41815,695974bea8a57ea02c0422a4d66c4f40c7817385e2e7bd651a69a654919b8d08
pc8_performance_screening\candidate_020\selection_result.json,760,b6212d6e1b9d02e32ef98b957d127e76448bbfe7f23370f84684dcf353e4bae3
pc8_performance_screening\candidate_020\trial_snapshot.json,48795,fc00c53b0c2dc7babb39240d68d7d0fcf3bcfd4f743b6ba33ffc43456e91c057
pc8_performance_screening\candidate_021\selection_result.json,760,83d0bc97bd2a5914b4a4c37d6a77159852594796ae7503344d93c94b7fa490c1
pc8_performance_screening\candidate_021\trial_snapshot.json,44708,8306b83003ce12cd0c47fb001200e58e4bc455df4b426f26da4c6e22126c4968
pc8_performance_screening\candidate_022\selection_result.json,2760,0fa908a4211ebcb2cb33268598d174589cdf7c370a4e55e73b9233a2ba6d50e0
pc8_performance_screening\candidate_022\trial_snapshot.json,44040,e8a3c5e098c35d3a8e8dedef9a35694aa4fc10547d5a0f9a9c00bb160c00e286
pc8_performance_screening\candidate_022\warm_start\candidate_snapshot.json,44040,e8a3c5e098c35d3a8e8dedef9a35694aa4fc10547d5a0f9a9c00bb160c00e286
pc8_performance_screening\candidate_022\warm_start\root_compact_screen_run_01.log,3982,aa557d2ce2f1b4fb4306b6e8eaf857d863a543ab9d02132a851f1965d598c980
pc8_performance_screening\candidate_022\warm_start\screening_result.json,1865,3fdcfafcf6874f5827a3a7fa007d7f6a7cce6b5f316e56141f2fe930037f9111
pc8_performance_screening\candidate_023\performance_trials\bpc\attempt_001\bpc_progress.json,27889,1f8c88af46be0cf89e850c8ddd3f2133a4cd8d9a82bd35f75de8ee21634a4786
pc8_performance_screening\candidate_023\performance_trials\bpc\attempt_001\bpc_progress.jsonl,1513418,21eb5045fa9f142d4a2268a89d5dcc5a9a61c20184bf8a4f9e8519dd08cde76a
pc8_performance_screening\candidate_023\performance_trials\bpc\attempt_001\command.json,1248,86a92faef094f0ef1fae93882d3e8995688919534f2db1111e7987f90a2a1824
pc8_performance_screening\candidate_023\performance_trials\bpc\attempt_001\gurobi_logs\rmp_node_1_cols_0_sr_0.log,42600,4fdf3d14f2d17b7d9c27c465454fe665b48f0d3d1f3502147c87a33b7c7f4f82
pc8_performance_screening\candidate_023\performance_trials\bpc\attempt_001\gurobi_logs\rmp_node_1_cols_1417_sr_32.log,2329,70513907c87eca73603357054eed8de061b445b021bea1d37407a93b26dfa739
pc8_performance_screening\candidate_023\performance_trials\bpc\attempt_001\gurobi_logs\rmp_node_1_cols_1423_sr_64.log,3208,3610e76a4be6bca02b24051ae75954cf93b5d01e249d38319d25f4fe92e623c5
pc8_performance_screening\candidate_023\performance_trials\bpc\attempt_001\gurobi_logs\root_compact.log,4533,9ef1da6d738c1dc88a7d0875ce8f53666e64fc684ff4aee1f582651fe5d45ab7
pc8_performance_screening\candidate_023\performance_trials\bpc\attempt_001\resource_samples.jsonl,279425,d1db36a7d6928181ff11cae45eb99827ded6088646616ce63cda5cfb44c41fff
pc8_performance_screening\candidate_023\performance_trials\bpc\attempt_001\resource_usage.json,635,d7349a4200bed8257848657ed208e06cd0837bb0d9ddae2f0421cf7f86116873
pc8_performance_screening\candidate_023\performance_trials\bpc\attempt_001\run_status.json,1308,00ca85c5f85c54dc0978b094e9d33ace8e74395af04af22fb777da966fab026a
pc8_performance_screening\candidate_023\performance_trials\bpc\attempt_001\runner_stderr.log,0,e3b0c44298fc1c149afbf4c8996fb92427ae41e4649b934ca495991b7852b855
pc8_performance_screening\candidate_023\performance_trials\bpc\attempt_001\runner_stdout.log,501,e3e8b64c9b632ef2fc351e8ff32fb89edba41c249f448945b13ccc2cb7c87e59
pc8_performance_screening\candidate_023\performance_trials\bpc\attempt_001\thvrpd-seed=8.json,943625,57c2e1c56451c1d475c999e963a447bfc3af8452879e220812e2025072c4cbfa
pc8_performance_screening\candidate_023\selection_result.json,36392,de11f094320fbaaee57231dd0079e7665eaf21ea7ebd45cb32d59565181b952a
pc8_performance_screening\candidate_023\trial_snapshot.json,45996,5dfcc840f33e68a009ad2774eebe951a41973a5ee47defae00201f716213d5e0
pc8_performance_screening\candidate_023\warm_start\candidate_snapshot.json,45996,5dfcc840f33e68a009ad2774eebe951a41973a5ee47defae00201f716213d5e0
pc8_performance_screening\candidate_023\warm_start\root_compact_screen_run_01.log,5852,fd18a3cb20413194d74e62ca03e46bae8e67ff2a90da056949468a40b75de9e2
pc8_performance_screening\candidate_023\warm_start\root_compact_screen_run_02.log,5763,b4fff9b4a60a6c5ac8ec2b813af7f70a6694a73dfd4d5d67c440689cb7e16732
pc8_performance_screening\candidate_023\warm_start\screening_result.json,31324,2028da412753a73c52d8110b623f920298ae809c5e1d8f3c491884d4a3d7247e
pc8_performance_screening\candidate_024\performance_trials\bpc\attempt_001\bpc_progress.json,28822,0353a93d37c119b4015a4c3d28946112050773126a6aa81f2c504b4a88dc052a
pc8_performance_screening\candidate_024\performance_trials\bpc\attempt_001\bpc_progress.jsonl,1911918,9d8db9beb02132a08bbdc7ce4b050a2c764ba2437c48743f2ea159dccda380c6
pc8_performance_screening\candidate_024\performance_trials\bpc\attempt_001\command.json,1248,a1c2668aa99d817f5955611ab53ae4b65e865b4ad6439102c8a8692327b60fba
pc8_performance_screening\candidate_024\performance_trials\bpc\attempt_001\gurobi_logs\heuristic_full_node_1_cols_1430.log,2451,a94abaea07bbf2f565bbb361204a0dc37c9811868625ae7a83d17eb13f395f37
pc8_performance_screening\candidate_024\performance_trials\bpc\attempt_001\gurobi_logs\heuristic_full_node_2_cols_881.log,1984,2a440497c746daf2b6ba84061f5fee1d3e0a0538d219118d4e1109ab4f7b819f
pc8_performance_screening\candidate_024\performance_trials\bpc\attempt_001\gurobi_logs\rmp_node_1_cols_1325_sr_32.log,7602,fa61e21aa0fe26185b4193a13665fc30bcaf4723cb445526f807c9af9ed52c19
pc8_performance_screening\candidate_024\performance_trials\bpc\attempt_001\gurobi_logs\rmp_node_1_cols_1405_sr_59.log,3207,c7c4eec0138bf6b2a2310d6e0b2b78b49ed3199aebc2eae5d2cf17686c32fc90
pc8_performance_screening\candidate_024\performance_trials\bpc\attempt_001\gurobi_logs\rmp_node_1_cols_6_sr_0.log,21534,5c9da20e650b069296a527687671ce9cbee0887e730769a8cbe122d3b9bebbd3
pc8_performance_screening\candidate_024\performance_trials\bpc\attempt_001\gurobi_logs\rmp_node_2_cols_806_sr_59.log,4074,39f3c3122f0d742837686b72aa3919c578f4598a17ed9d56bf9209dbff120dfa
pc8_performance_screening\candidate_024\performance_trials\bpc\attempt_001\gurobi_logs\rmp_node_3_cols_1441_sr_59.log,2329,c79e9becd83f03d08ea6ebf97c0598d6c6f0dc43f8a046b82ee2b44063a24707
pc8_performance_screening\candidate_024\performance_trials\bpc\attempt_001\gurobi_logs\rmp_node_3_cols_1445_sr_83.log,3212,43034f4c2c2784fb3a3f8017c1d9d96438cbf34d1c71e49ac0bb83435a664bea
pc8_performance_screening\candidate_024\performance_trials\bpc\attempt_001\gurobi_logs\rmp_node_3_cols_1464_sr_85.log,2332,3f4a77c6da024af933d8fe23b4b58cefb7be0bd26b53883f9ae6aaf5818e95a2
pc8_performance_screening\candidate_024\performance_trials\bpc\attempt_001\gurobi_logs\root_compact.log,4810,9161b257ff3e9404eca7a7cffed919ddd6ba02b4c519eb30b8242e6d32748aed
pc8_performance_screening\candidate_024\performance_trials\bpc\attempt_001\resource_samples.jsonl,281026,b2e55105da30077588bea434ea09d138c4b42746e65d0a19f188d51a9983475b
pc8_performance_screening\candidate_024\performance_trials\bpc\attempt_001\resource_usage.json,636,9d8affe2487ecfdc5e1dabf996a0a41ed48c6b19c3e7e66bdc52ef1f3e1126f0
pc8_performance_screening\candidate_024\performance_trials\bpc\attempt_001\run_status.json,1308,9bf4c939eb722627bda4b0e384dfa28905382478704bfc6275250dcf98676add
pc8_performance_screening\candidate_024\performance_trials\bpc\attempt_001\runner_stderr.log,0,e3b0c44298fc1c149afbf4c8996fb92427ae41e4649b934ca495991b7852b855
pc8_performance_screening\candidate_024\performance_trials\bpc\attempt_001\runner_stdout.log,735,901a8e04bd0d5c98dcf07d4cc17513aafe40ee127980df3f04c0aa9bd1fb7200
pc8_performance_screening\candidate_024\performance_trials\bpc\attempt_001\thvrpd-seed=8.json,815081,e0f75ca385ad6965d695433a8f72ea52d9829a42c3d0981e619ed9b5423442d5
pc8_performance_screening\candidate_024\performance_trials\compact\attempt_001\command.json,1182,e6a55943c0ad780a7706f187dfaa6c3cee798511bb2aff511a3cfae026240226
pc8_performance_screening\candidate_024\performance_trials\compact\attempt_001\compact-arc-seed=8.json,23877,6105157d9860407afaea0c4f942facf5cc3e2074034850a9621a3f7972b6ae86
pc8_performance_screening\candidate_024\performance_trials\compact\attempt_001\gurobi_logs\compact_arc.log,16649,21ad4c507350014293cc151fd8474001246f4aa5b0fd8449c50390b69a3e6409
pc8_performance_screening\candidate_024\performance_trials\compact\attempt_001\resource_samples.jsonl,280370,5a298b6936b713b9f2cbcb22ba821cf4f0e2d788bc163b32a939d14b01fe6bfb
pc8_performance_screening\candidate_024\performance_trials\compact\attempt_001\resource_usage.json,636,0a6b4eff93bae160db6b43dd56b9608697aaa2dbffada6e6a0bd9ac4ebd2e4ba
pc8_performance_screening\candidate_024\performance_trials\compact\attempt_001\run_status.json,1333,4a35c1e712e07a6eeb62fa0c7631d9b2cf52891a85917a156623fa09baf4e313
pc8_performance_screening\candidate_024\performance_trials\compact\attempt_001\runner_stderr.log,0,e3b0c44298fc1c149afbf4c8996fb92427ae41e4649b934ca495991b7852b855
pc8_performance_screening\candidate_024\performance_trials\compact\attempt_001\runner_stdout.log,393,7ab692ece8daf5533f129ee5842dcf2a3a4e09f0f34d4423c4514e0fc311594f
pc8_performance_screening\candidate_024\selection_result.json,38220,6b689513be16d08560c8852179d48396ec854d44f7e825f2ae904b6716c162cd
pc8_performance_screening\candidate_024\trial_snapshot.json,48408,342f3753dda09f64f899b96c6c0faaf8f73498ccda9c6a02c95097253bd6a930
pc8_performance_screening\candidate_024\warm_start\candidate_snapshot.json,48408,342f3753dda09f64f899b96c6c0faaf8f73498ccda9c6a02c95097253bd6a930
pc8_performance_screening\candidate_024\warm_start\root_compact_screen_run_01.log,5733,c76f5ba8e9ff93d75fa817c34d3091cb03db399c69698ae28995a755e3dfae4a
pc8_performance_screening\candidate_024\warm_start\root_compact_screen_run_02.log,5887,7fe77c537f7547712afe42af5362dbd121f000f350d8c23c418532784c9c0f4d
pc8_performance_screening\candidate_024\warm_start\screening_result.json,31324,91777e550c5058c73adceef7166f0563687e9beddbcc1f29c82439b2bb4fcbac
pc8_performance_screening\pc8_performance_selection_summary.csv,2198,ab251533e649f2462a73d4631c1d80a890e0f54f262d0fd472fa5ce56ca2f80d
pc8_performance_screening\pc8_performance_selection_summary.json,12172,8917581714d46bca9ab733fb0aa762dbb1bff7b192e70c7c10928e7a364320df
pc8_performance_screening\pc8_performance_selection_summary.md,2047,b4ef2db273255da8e1c7f54591022524dd55a563f6b0803ed65ebe27df59a992
pc8_performance_screening\staging\accepted_selection.json,41454,e7052fd364c1c29a82b028c25e98cb94541ae689b6ba92c01db6634feface491
pc8_performance_screening\staging\accepted_snapshot.json,483168,26fd376925e46a5a649a30c69fb3b304e3b21aff075e6b3dae23da8314002fa0
replacement_provenance.json,124186,4fa081215d772429f3ccfd5a71d3a96af5db34263e36f34374e6690b9e6f65c2
warm_start_screening\large_PC_seed6\candidate_000\candidate_snapshot.json,48175,cc944f6ef72945e93b6af506d400b31349d54c29fbd711b477f157997db03d30
warm_start_screening\large_PC_seed6\candidate_000\root_compact_screen.log,5220,13b97178f20e3443aa3c49cce92aa82fc6a35fcf0674faad1a4b04da47e0bd32
warm_start_screening\large_PC_seed6\candidate_000\screening_result.json,1110,f18e19f0e8716516c7fa134b7fce2c605bda2a192c6ca34d9199074c058ec8d5
warm_start_screening\large_PC_seed6\candidate_001\candidate_snapshot.json,48176,e6c4fb10bc0feab13d28f5d0c9df02cceeff94faf3ffd0c3c6e455ee5320ead0
warm_start_screening\large_PC_seed6\candidate_001\root_compact_screen.log,4446,196bb3a297bbbfff772ec039dddf64715cb73b1bfb112d877572264ed1b6cd79
warm_start_screening\large_PC_seed6\candidate_001\screening_result.json,1114,86e843d989611f8f4f2d1a43f62b44eddc87e58b0fe29acee62229ab9c4aac08
warm_start_screening\large_PC_seed6\candidate_002\candidate_snapshot.json,45306,d0bec544d07741a956d57ade6da10017df76dd0ff8993d1b87f951886ae8f8c6
warm_start_screening\large_PC_seed6\candidate_002\root_compact_screen.log,4121,b6d9753e974dbb123e233d0c8bb844ea46e126cf83d0e82bef80a26d295b48c4
warm_start_screening\large_PC_seed6\candidate_002\screening_result.json,1114,0c5aae4958d1504fc532eb102c4db77e8868d682bb66a345c69ca63c06931260
warm_start_screening\large_PC_seed6\candidate_003\candidate_snapshot.json,42010,46f12fb26c59132e9e4839637fec4a99ae029189ac0d3171a40c655088696933
warm_start_screening\large_PC_seed6\candidate_003\root_compact_screen.log,4397,f08aa88c08bf04ca6c3ad594bebd89f00e93af9b4ac45c99ca6d198db5f1818d
warm_start_screening\large_PC_seed6\candidate_003\screening_result.json,1115,119dda90b23fa4df9ea36d3a84c1f0a63c66b4b5cf5b3b7bb0ca34d43b0dd1bf
warm_start_screening\large_PC_seed6\candidate_004\candidate_snapshot.json,40803,8a72a87b3725f4b4b642f24ae56ae6f9b6665167d174628c709df0de9d47133f
warm_start_screening\large_PC_seed6\candidate_004\root_compact_screen.log,4966,0bb826b9cf2aa10963f4f576eda0e62c1936d79d3d50f77d4b249b6e891fcee7
warm_start_screening\large_PC_seed6\candidate_004\screening_result.json,9790,5e42d53c5dcc85a1a99b7ee9b30c3b2ee8efbccc80227dc9638708afa788e371
warm_start_screening\large_PC_seed6\candidate_005\candidate_snapshot.json,45823,db1485437df5a4cb1a638cedcb6b4cdf19258df5379c1f67e43eca7ad86629d5
warm_start_screening\large_PC_seed6\candidate_005\root_compact_screen_run_01.log,4431,fec87048cbae5d00a6bdd1c521685eddff7c5e30b5935f7dc41e775284592b83
warm_start_screening\large_PC_seed6\candidate_005\screening_result.json,1860,f3bd2800d11a8f510b47f80dde6dc57d29e2ce4976b6f3545501dd936c85429b
warm_start_screening\large_PC_seed6\candidate_006\candidate_snapshot.json,46885,06eeacda60a76e1699fe3bcd687d6fecfc925f34f26cfaa03284a85ed6c7338d
warm_start_screening\large_PC_seed6\candidate_006\root_compact_screen_run_01.log,4419,08bfa409c0fd9e410cadb78b8c6e0b66c882171502f90be807be47b4190c88b5
warm_start_screening\large_PC_seed6\candidate_006\screening_result.json,1862,3dae6aadf3f70ecde057648a1286f8ca08d363398fd70e64d7db75aaa929ee27
warm_start_screening\large_PC_seed6\candidate_007\candidate_snapshot.json,43549,7b3adb950e17a275fbfecd64b4f9b2b93bf191476b4666a7523b5f958c30443a
warm_start_screening\large_PC_seed6\candidate_007\root_compact_screen_run_01.log,4837,882c0548b0b61524ddcbabc23186c6ac1ca7438cc8dae57d19a83f6d6049e7df
warm_start_screening\large_PC_seed6\candidate_007\screening_result.json,1864,ed14cee147df08529e0f32ca242ed0c7692baf3b6f843bf2fd657f66a61762a9
warm_start_screening\large_PC_seed6\candidate_008\candidate_snapshot.json,41642,e5419211f85e12b933c2ec202a1114e78cc4cb9e76c91f3f38f8a99e670d1f46
warm_start_screening\large_PC_seed6\candidate_008\root_compact_screen_run_01.log,5016,3308b50a04822c9505cda7ca42256a1a5bbb66b56d8497ca83c10274b4011781
warm_start_screening\large_PC_seed6\candidate_008\screening_result.json,1864,7af4bf8afe3306f884f6142a602fd9a1494e28620d60d92d46621b23e92bc662
warm_start_screening\large_PC_seed6\candidate_009\candidate_snapshot.json,49806,9256397d77bb2435e8f00b2fe443cd51c1ab23cc2007912e8e2f8a0a5e6f2667
warm_start_screening\large_PC_seed6\candidate_009\root_compact_screen_run_01.log,3691,3d1a5fca123475b54fbe6a4a6d0028055630d168c183ba24b688868714e9baa2
warm_start_screening\large_PC_seed6\candidate_009\screening_result.json,1862,2dd07a3cb7f52debc8fa3520ccd78b5c9fbce754ff7db048ecdced0ed8a56c30
warm_start_screening\large_PC_seed6\candidate_010\candidate_snapshot.json,45513,0fb5ddfafd411fb1e6977d7ea331a35a54acd84afa8707ada436b8da8fc959a3
warm_start_screening\large_PC_seed6\candidate_010\root_compact_screen_run_01.log,4041,58daa375997d43f8f9ea2e30608d8dbbad87de815afa6800f7992dff0c6809ec
warm_start_screening\large_PC_seed6\candidate_010\screening_result.json,1866,42b0d97714ee0008719128d9be98734c45b2c72d0fc8f324a927597eb87cff57
warm_start_screening\large_PC_seed6\candidate_011\candidate_snapshot.json,41945,c395435ee8f52bed6cb452ca2c73e3a60daa216571e7ff098a9ec83ef5d8d5f7
warm_start_screening\large_PC_seed6\candidate_011\root_compact_screen_run_01.log,4878,9a5d5786e267f905b7f326f1ffa099037c05e0c3e98e356632012c08c156c3f2
warm_start_screening\large_PC_seed6\candidate_011\screening_result.json,1862,226e265e52a2fe48eb52970a591f1cfd58b83152b4eaeb75fc76ffd91907595c
warm_start_screening\large_PC_seed6\candidate_012\candidate_snapshot.json,40094,0baeedf19e8466afcf8eba9319dc5fc8171442d44d7a1d1bbdd9f68381ffca65
warm_start_screening\large_PC_seed6\candidate_012\root_compact_screen_run_01.log,5337,77db0e9cc3b7a27267dcac88108d4dfa1e33970f4cdbed894fdafc01c42a5c22
warm_start_screening\large_PC_seed6\candidate_012\root_compact_screen_run_02.log,5398,ec9b7fe89b7226742306db78bc0989d86a77b8e22b8be9230944113402245427
warm_start_screening\large_PC_seed6\candidate_012\screening_result.json,31327,2af34bad62a1802d96209a6459c0c3fe1627ae492c8d06884679d4dff304e521
warm_start_screening\large_PC_seed8\candidate_000\candidate_snapshot.json,38926,897e34c2610b75205d4c40b915e472c3530984d6e5b9d0e442a769b06dd292a7
warm_start_screening\large_PC_seed8\candidate_000\root_compact_screen.log,4797,9405482d7b6860a1b707d445b875ffdd6ede460459bdb66bfa573a02755288f1
warm_start_screening\large_PC_seed8\candidate_000\screening_result.json,1110,c0834fa7f65b1b3899061adb3eb76ff1f588ff07e6fbadcca7d43d4054136645
warm_start_screening\large_PC_seed8\candidate_001\candidate_snapshot.json,41107,92ff3f641db7c7ea040350a7cf63fa707ee0d9a029370bbb54f96f7d04d1c4c9
warm_start_screening\large_PC_seed8\candidate_001\root_compact_screen.log,5325,6c2b0398bdef4f6359ee03866dabb262cd3967cdd8737f23d9588a0e4aacde53
warm_start_screening\large_PC_seed8\candidate_001\screening_result.json,1114,7a2aa637504ba78c44420245c975f743f9fd0c12cb1077ea25fb404706fd42d3
warm_start_screening\large_PC_seed8\candidate_002\candidate_snapshot.json,48632,309311788185374394a0a46acb17f67d6c017fcad8564cc6e94e181f860de826
warm_start_screening\large_PC_seed8\candidate_002\root_compact_screen.log,4914,4e1f07bd6e0967841e0e0d20a68b4e2ea101e0d8dc7a52dc8cff36f921958733
warm_start_screening\large_PC_seed8\candidate_002\screening_result.json,9628,e316de69eed7f22790e2ca5db441ef74c2a31e423b7a1f1bfd3d205f2c617478
warm_start_screening\large_PC_seed8\candidate_003\candidate_snapshot.json,49453,68283f34ea4621a2076af36ffc533395e1102b680248ac24363aa2559d65140f
warm_start_screening\large_PC_seed8\candidate_003\root_compact_screen_run_01.log,5017,13397c6408e8610fd8da6f6dc329d01ff23ec8b2605c1283316e70d2429d2e1a
warm_start_screening\large_PC_seed8\candidate_003\root_compact_screen_run_02.log,4945,5d996a27c381764c816694985562507a96c51649966cf72c7ddd116c70cd39aa
warm_start_screening\large_PC_seed8\candidate_003\screening_result.json,29918,c69c7cf070dfcadf97031770dfdfe283b8917156832887ff1cd8949403630929
warm_start_screening\staging\large_PC_seed6\accepted_screening.json,36970,0ba88a5cab37371fda94a5cd7b3ff1da3db5942428c641839f14b923bc57d3e5
warm_start_screening\staging\large_PC_seed6\accepted_snapshot.json,206758,64bdfa8d2006655ca685043de24060b0d1340d85841c6594856342fc5bb98ebf
warm_start_screening\staging\large_PC_seed8\accepted_screening.json,35348,f4bb64a9f1ab7c72d6beda49d487707eb8a48a411b11b097f0847c54b007b104
warm_start_screening\staging\large_PC_seed8\accepted_snapshot.json,124542,439bbca432854fcb66ea2bdd12fdc7d25f5e268471c038cf03a8377106e56600
